ID	カテゴリ	機能名	説明	優先度	ステータス	備考
USER-001	ユーザー管理	ユーザー登録	新規ユーザーのアカウント作成機能	高	未着手	メールアドレス認証を含む
USER-002	ユーザー管理	ログイン・ログアウト	ユーザーの認証とセッション管理	高	未着手	セキュアな認証方式を実装
USER-003	ユーザー管理	プロフィール管理	ユーザー情報の表示・編集機能	中	未着手	名前、メールアドレス、アバター画像等
USER-004	ユーザー管理	パスワード変更	パスワードの変更・リセット機能	中	未着手	メール認証によるリセット機能
TEAM-001	チーム管理	チーム作成	新規チームの作成機能	高	未着手	チーム名、説明の設定
TEAM-002	チーム管理	チーム編集	チーム情報の編集機能	中	未着手	管理者のみ編集可能
TEAM-003	チーム管理	チーム削除	チームの削除機能	低	未着手	関連データの処理を含む
TEAM-004	チーム管理	チーム一覧表示	所属チームの一覧表示	高	未着手	参加中のチームを表示
MEMBER-001	チームメンバー管理	メンバー招待	新規メンバーの招待機能	高	未着手	メールによる招待リンク送信
MEMBER-002	チームメンバー管理	メンバー追加	招待されたユーザーのチーム参加	高	未着手	招待リンクからの参加処理
MEMBER-003	チームメンバー管理	メンバー削除	チームからメンバーを削除	中	未着手	管理者権限が必要
MEMBER-004	チームメンバー管理	メンバー一覧表示	チームメンバーの一覧表示	高	未着手	役割・権限の表示を含む
ROLE-001	役割管理	役割定義	チーム内の役割を定義	高	未着手	管理者、メンバー、閲覧者等
ROLE-002	役割管理	役割割り当て	メンバーへの役割割り当て	高	未着手	複数役割の割り当て可能
ROLE-003	役割管理	役割変更	メンバーの役割を変更	中	未着手	管理者のみ変更可能
PERM-001	権限管理	閲覧権限設定	役割ごとの閲覧権限を設定	高	未着手	OKRの公開範囲設定
PERM-002	権限管理	編集権限設定	役割ごとの編集権限を設定	高	未着手	作成・編集・削除の権限
PERM-003	権限管理	アクセス制御	権限に基づくアクセス制御	高	未着手	画面・機能レベルでの制御
OKR-001	OKR管理	Objective作成	目標（Objective）の作成機能	高	未着手	タイトル、説明、期間の設定
OKR-002	OKR管理	Objective編集	目標の編集機能	高	未着手	権限のあるユーザーのみ
OKR-003	OKR管理	Objective削除	目標の削除機能	中	未着手	関連するKey Resultsも削除
OKR-004	OKR管理	Key Result作成	主要な結果（Key Result）の作成	高	未着手	定量的な目標値の設定
OKR-005	OKR管理	Key Result編集	Key Resultの編集機能	高	未着手	目標値、進捗の更新
OKR-006	OKR管理	Key Result削除	Key Resultの削除機能	中	未着手	削除確認機能を含む
OKR-007	OKR管理	進捗更新	Key Resultの進捗率更新	高	未着手	0-100%での進捗管理
OKR-008	OKR管理	期間設定	OKRの期間設定機能	高	未着手	四半期、年間等の期間設定
OKR-009	OKR管理	階層管理	組織・チーム・個人レベルのOKR管理	中	未着手	階層的な目標の紐付け
OKR-010	OKR管理	OKR一覧表示	OKRの一覧表示機能	高	未着手	フィルター・ソート機能
OKR-011	OKR管理	進捗ダッシュボード	OKRの進捗状況を可視化	中	未着手	グラフ・チャート表示